[
  {
    "name": "theme_info",
    "theme_name": "Skeleton",
    "theme_version": "0.1.0",
    "theme_author": "Shopify",
    "theme_documentation_url": "https://help.shopify.com/manual/online-store/themes",
    "theme_support_url": "https://support.shopify.com/"
  },
  {
    "name": "t:general.typography",
    "settings": [
      {
        "type": "header",
        "content": "t:general.fonts"
      },
      {
        "type": "font_picker",
        "id": "type_primary_font",
        "default": "work_sans_n4",
        "label": "t:general.primary"
      },
    ]
  },
  {
    "name": "t:general.layout",
    "settings": [
      {
        "type": "select",
        "id": "max_page_width",
        "label": "t:labels.page_width",
        "options": [
          {
            "value": "90rem",
            "label": "t:options.page_width.narrow"
          },
          {
            "value": "110rem",
            "label": "t:options.page_width.wide"
          }
        ],
        "default": "90rem"
      },
      {
        "type": "range",
        "id": "min_page_margin",
        "min": 10,
        "max": 100,
        "step": 1,
        "unit": "px",
        "label": "t:labels.page_margin",
        "default": 20
      }
    ]
  },
  {
    "name": "t:general.colors",
    "settings": [
      {
        "type": "color",
        "id": "background_color",
        "default": "#0F0F0F",
        "label": "t:labels.background"
      },
      {
        "type": "color",
        "id": "foreground_color",
        "default": "#FFFFFF",
        "label": "t:labels.foreground"
      },
      {
        "type": "color",
        "id": "accent_color",
        "default": "#00D4FF",
        "label": "Accent Color"
      },
      {
        "type": "color",
        "id": "secondary_color",
        "default": "#FF6B35",
        "label": "Secondary Color"
      },
      {
        "type": "color",
        "id": "text_light",
        "default": "#B0B0B0",
        "label": "Light Text Color"
      },
      {
        "type": "color",
        "id": "border_color",
        "default": "#2A2A2A",
        "label": "Border Color"
      },
      {
        "type": "color",
        "id": "surface_color",
        "default": "#1A1A1A",
        "label": "Surface Color"
      },
      {
        "type": "color",
        "id": "surface_hover",
        "default": "#252525",
        "label": "Surface Hover Color"
      },
      {
        "type": "range",
        "id": "input_corner_radius",
        "min": 0,
        "max": 20,
        "step": 1,
        "unit": "px",
        "label": "t:labels.input_corner_radius",
        "default": 8
      }
    ]
  }
]
